No,Nama Produk,Merek,Kategori,Harga (Rp)
1,Head Unit Kenwood KMM-205 Single DIN,Kenwood,Head Unit Single DIN,1350000
2,Head Unit Kenwood KDC-BT450U Single DIN,Kenwood,Head Unit Single DIN,1650000
3,Head Unit Kenwood DMX4707S Double DIN 6.8 inch,Kenwood,Head Unit Double DIN,4200000
4,Head Unit Kenwood DMX7522S Double DIN 6.8 inch,Kenwood,Head Unit Double DIN,5575000
5,Head Unit Android Kenwood 9 inch 4/64GB,Kenwood,Head Unit Android,3200000
6,Head Unit Android Kenwood 10 inch 6/128GB,Kenwood,Head Unit Android,4500000
7,Amplifier 4 Channel Kenwood KAC-M3004,Kenwood,Amplifier,1900000
8,Amplifier 4 Channel Kenwood KAC-M5004,Kenwood,Amplifier,2800000
9,Speaker Coaxial Kenwood KFC-S1366 5.25 inch,Kenwood,Speaker Coaxial,550000
10,Speaker Component Kenwood KFC-XS1704 6.5 inch,Kenwood,Speaker Component,1800000
11,Subwoofer Aktif Kenwood KSC-SW11 Kolong,Kenwood,Subwoofer,2500000
12,Tweeter Kenwood KFC-ST1 1 inch,Kenwood,Tweeter,900000
13,Head Unit Pioneer DEH-S5250BT Single DIN,Pioneer,Head Unit Single DIN,1650000
14,Head Unit Pioneer DMH-G225BT Double DIN 6.2 inch,Pioneer,Head Unit Double DIN,2050000
15,Head Unit Pioneer DMH-Z5350BT Double DIN 6.8 inch,Pioneer,Head Unit Double DIN,6350000
16,Head Unit Pioneer DMH-ZF9350BT Double DIN 9 inch,Pioneer,Head Unit Double DIN,7900000
17,Head Unit Pioneer DMH-AP6650BT Double DIN 9 inch,Pioneer,Head Unit Double DIN,6150000
18,Head Unit Pioneer AVH-Z5250BT Double DIN 7 inch,Pioneer,Head Unit Double DIN,3800000
19,Speaker Coaxial Pioneer TS-A1670F 6.5 inch 3-Way,Pioneer,Speaker Coaxial,850000
20,Speaker Coaxial Pioneer TS-A1370F 5.25 inch 3-Way,Pioneer,Speaker Coaxial,750000
21,Speaker Component Pioneer TS-Z170C 6.5 inch 2-Way,Pioneer,Speaker Component,2800000
22,Speaker Component Pioneer TS-V170C 6.5 inch Hi-Res,Pioneer,Speaker Component,2500000
23,Subwoofer Aktif Pioneer TS-WX130EA Kolong,Pioneer,Subwoofer,2200000
24,Subwoofer Aktif Pioneer TS-WX400D Kolong 10 inch,Pioneer,Subwoofer,3520000
25,Amplifier 4 Channel Pioneer GM-A3704,Pioneer,Amplifier,2500000
26,Amplifier Mono Pioneer GM-D9705,Pioneer,Amplifier Mono,3800000
27,Head Unit JVC KD-X371BT Single DIN Bluetooth,JVC,Head Unit Single DIN,1200000
28,Head Unit JVC KW-V85BT Double DIN 7 inch,JVC,Head Unit Double DIN,4800000
29,Head Unit Android JVC KW-M785BW 9 inch,JVC,Head Unit Android,5200000
30,Speaker Coaxial JVC CS-J620 6.5 inch 2-Way,JVC,Speaker Coaxial,420000
31,Speaker Component JVC CS-DR6220 6.5 inch 2-Way,JVC,Speaker Component,950000
32,Amplifier 4 Channel JVC KS-DR3004,JVC,Amplifier,1750000
33,Subwoofer JVC CS-ZW120 12 inch,JVC,Subwoofer,1500000
34,Amplifier Mono JVC KS-DR2001D,JVC,Amplifier Mono,2100000
35,Head Unit Android Nakamichi NA3605 10 inch,Nakamichi,Head Unit Android,3800000
36,Head Unit Android Nakamichi NA3500 9 inch,Nakamichi,Head Unit Android,3200000
37,Head Unit Android Nakamichi NA6100 10 inch,Nakamichi,Head Unit Android,4500000
38,Speaker Coaxial Nakamichi NSE1607 6.5 inch,Nakamichi,Speaker Coaxial,650000
39,Speaker Component Nakamichi NSE5206 6.5 inch,Nakamichi,Speaker Component,1400000
40,Amplifier 4 Channel Nakamichi NA4300,Nakamichi,Amplifier,2200000
41,Subwoofer Nakamichi NSS12 12 inch,Nakamichi,Subwoofer,1800000
42,Amplifier Mono Nakamichi NA1200,Nakamichi,Amplifier Mono,2500000
43,Head Unit Nakamichi NA3000i 2 DIN,Nakamichi,Head Unit Double DIN,2800000
44,Head Unit Clarion CZ702E Double DIN,Clarion,Head Unit Double DIN,3500000
45,Speaker Coaxial Clarion SRG1623R 6.5 inch,Clarion,Speaker Coaxial,700000
46,Amplifier 4 Channel Clarion XC2410,Clarion,Amplifier,2100000
47,Head Unit Android DHD Pro 10 inch 4/64GB,DHD,Head Unit Android,2400000
48,Head Unit Android DHD Ultra 10 inch 8/128GB,DHD,Head Unit Android,3500000
49,Speaker Coaxial DHD D-6503 6.5 inch,DHD,Speaker Coaxial,380000
50,Speaker Component DHD D-6C 6.5 inch,DHD,Speaker Component,750000
51,Amplifier 4 Channel DHD A-4100,DHD,Amplifier,1350000
52,Subwoofer DHD SW-12A 12 inch,DHD,Subwoofer,1200000
53,Amplifier Mono DHD D-1000,DHD,Amplifier Mono,1600000
54,Head Unit Android Orca OP-1090 10 inch,Orca,Head Unit Android,2700000
55,Head Unit Android Orca OP-1080 10 inch 8/128GB,Orca,Head Unit Android,3200000
56,Speaker Coaxial Orca OR-1652 6.5 inch,Orca,Speaker Coaxial,420000
57,Speaker Component Orca OR-C165 6.5 inch,Orca,Speaker Component,850000
58,Amplifier 4 Channel Orca OR-A4004,Orca,Amplifier,1500000
59,Subwoofer Orca OR-SW12 12 inch,Orca,Subwoofer,1400000
60,Amplifier Mono Orca OR-M1000,Orca,Amplifier Mono,1800000
61,Head Unit Android Avix AV-910 9 inch,Avix,Head Unit Android,2300000
62,Speaker Coaxial Avix AX-6502 6.5 inch,Avix,Speaker Coaxial,350000
63,Amplifier 4 Channel Avix AX-A4100,Avix,Amplifier,1200000
64,Head Unit Android Skeleton SKL-1090 10 inch,Skeleton,Head Unit Android,3100000
65,Head Unit Android Skeleton SKL-900 9 inch,Skeleton,Head Unit Android,2700000
66,Speaker Coaxial Skeleton SK-165 6.5 inch,Skeleton,Speaker Coaxial,450000
67,Speaker Component Skeleton SK-C165 6.5 inch,Skeleton,Speaker Component,900000
68,Amplifier 4 Channel Skeleton SK-A4150,Skeleton,Amplifier,1650000
69,Subwoofer Skeleton SK-12W 12 inch,Skeleton,Subwoofer,1350000
70,Amplifier Mono Skeleton SK-M1200,Skeleton,Amplifier Mono,1950000
71,Speaker Component Hertz Dieci DCX 165.3 6.5 inch,Hertz,Speaker Component,2400000
72,Speaker Component Hertz Uno U 165 6.5 inch,Hertz,Speaker Component,1800000
73,Speaker Coaxial Hertz CPX 690 6x9 inch,Hertz,Speaker Coaxial,1600000
74,Speaker Coaxial Hertz CPX 165 6.5 inch,Hertz,Speaker Coaxial,1200000
75,Subwoofer Hertz DS 250.3 10 inch,Hertz,Subwoofer,2800000
76,Subwoofer Hertz ES 300D 12 inch,Hertz,Subwoofer,3500000
77,Amplifier Mono Hertz HCP 4,Hertz,Amplifier Mono,4200000
78,Speaker Component JL Audio C1-650 6.5 inch,JL Audio,Speaker Component,2200000
79,Subwoofer JL Audio 10W0v3 10 inch,JL Audio,Subwoofer,3800000
80,Tweeter JL Audio C1-075ct 0.75 inch,JL Audio,Tweeter,1500000
81,Subwoofer Rockford Fosgate Punch P3 10 inch,Rockford Fosgate,Subwoofer,4500000
82,Subwoofer Rockford Fosgate Punch P3 12 inch,Rockford Fosgate,Subwoofer,5200000
83,Amplifier Mono Rockford Fosgate Prime R500X1D,Rockford Fosgate,Amplifier Mono,3200000
84,Speaker Coaxial Rockford Fosgate Prime R165X3 6.5 inch,Rockford Fosgate,Speaker Coaxial,1800000
85,Speaker Component Exxent EX-165C 6.5 inch,Exxent,Speaker Component,650000
86,Subwoofer Exxent EX-12W 12 inch,Exxent,Subwoofer,900000
87,Head Unit Android Cello CE-9100 9 inch,Cello,Head Unit Android,2500000
88,Head Unit Android Cello CE-1010 10 inch,Cello,Head Unit Android,3000000
89,Speaker Coaxial Cello CL-6502 6.5 inch,Cello,Speaker Coaxial,400000
90,Speaker Component Cello CL-C165 6.5 inch,Cello,Speaker Component,800000
91,Subwoofer Cello CL-12W 12 inch,Cello,Subwoofer,1100000
92,Amplifier Mono Cello CL-M1000,Cello,Amplifier Mono,1700000
93,Processor Cello DSP-8 8 Channel,Cello,Processor,2200000
94,Head Unit Android JBL Stage 1060A 10 inch,JBL,Head Unit Android,4200000
95,Head Unit Android JBL Stage 900BT 9 inch,JBL,Head Unit Android,3600000
96,Speaker Coaxial JBL Club 6020 6.5 inch,JBL,Speaker Coaxial,900000
97,Speaker Component JBL Club 6500C 6.5 inch,JBL,Speaker Component,2100000
98,Subwoofer JBL Stage 12 inch,JBL,Subwoofer,2400000
99,Subwoofer JBL Stage 10 inch,JBL,Subwoofer,1900000
100,Amplifier 4 Channel JBL Club A404,JBL,Amplifier,3200000
101,Amplifier Mono JBL Club A600,JBL,Amplifier Mono,2800000
102,Processor JBL DSP-4086,JBL,Processor,4500000
103,Head Unit Android Venom VNM-10A 10 inch,Venom,Head Unit Android,2800000
104,Head Unit Android Venom VNM-9A 9 inch,Venom,Head Unit Android,2300000
105,Speaker Coaxial Venom VS-6502 6.5 inch,Venom,Speaker Coaxial,360000
106,Speaker Component Venom VS-C165 6.5 inch,Venom,Speaker Component,720000
107,Subwoofer Venom VS-12W 12 inch,Venom,Subwoofer,1250000
108,Subwoofer Venom VS-10W 10 inch,Venom,Subwoofer,950000
109,Amplifier 4 Channel Venom VS-A4100,Venom,Amplifier,1400000
110,Amplifier Mono Venom VS-M1200,Venom,Amplifier Mono,1850000
111,Processor Venom VS-DSP8 8 Channel,Venom,Processor,1900000
